,Unnamed: 0,Date,Close,Var. (%),Open,Low,High,Volume,Hammer
0,0,2016-01-26,4.2,-4.76,4.23,4.12,4.31,"302,717,532",False
1,1,2016-01-27,4.57,8.81,4.22,4.16,4.64,"352,368,579",False
2,2,2016-01-28,4.6,0.66,4.67,4.35,5.13,"618,332,894",False
3,3,2016-01-29,4.84,5.22,4.7,4.52,4.86,"439,826,229",False
4,4,2016-02-01,4.72,-2.48,4.74,4.66,4.86,"245,882,432",False
5,5,2016-02-02,4.3,-8.9,4.56,4.3,4.65,"238,862,902",False
6,6,2016-02-03,4.49,4.42,4.42,4.22,4.52,"324,113,619",False
7,7,2016-02-04,4.73,5.35,4.56,4.36,4.94,"429,188,278",False
8,8,2016-02-05,4.54,-4.02,4.73,4.53,4.78,"244,701,978",False
9,9,2016-02-10,4.31,-5.07,4.3,4.28,4.41,"198,066,317",False
10,10,2016-02-11,4.23,-1.86,4.2,4.12,4.27,"249,244,383",False
11,11,2016-02-12,4.45,5.2,4.37,4.3,4.51,"282,745,752",False
12,12,2016-02-15,4.52,1.57,4.56,4.52,4.6,"129,541,474",False
13,13,2016-02-16,4.44,-1.77,4.5,4.42,4.64,"364,114,497",False
14,14,2016-02-17,4.68,5.41,4.54,4.51,4.82,"392,727,840",False
15,15,2016-02-18,4.59,-1.92,4.69,4.55,4.87,"303,469,287",False
16,16,2016-02-19,4.46,-2.83,4.5,4.4,4.57,"250,595,260",False
17,17,2016-02-22,5.04,13,4.67,4.63,5.04,"390,806,050",False
18,18,2016-02-23,4.92,-2.38,4.95,4.82,5.28,"424,211,218",False
19,19,2016-02-24,4.87,-1.02,4.77,4.65,4.93,"358,950,586",False
20,20,2016-02-25,4.89,0.41,4.81,4.79,5.08,"346,666,368",False
21,21,2016-02-26,4.87,-0.41,5.02,4.83,5.1,"303,071,251",False
22,22,2016-02-29,5.14,5.54,5.08,4.98,5.23,"430,988,316",False
23,23,2016-03-01,5.31,3.31,5.31,5.1,5.37,"425,053,951",False
24,24,2016-03-02,5.65,6.4,5.21,5.15,5.65,"479,617,434",False
25,25,2016-03-03,6.57,16.28,5.85,5.8,6.8,"1,175,567,290",False
26,26,2016-03-04,7.22,9.89,7.9,6.9,7.9,"1,294,776,987",False
27,27,2016-03-07,7.37,2.08,7.25,6.95,7.53,"620,017,158",False
28,28,2016-03-08,7.47,1.36,7.37,7.08,7.84,"1,020,738,081",False
29,29,2016-03-09,7.6,1.74,7.7,7.36,7.78,"646,121,853",False
30,30,2016-03-10,7.95,4.61,7.8,7.31,7.96,"900,474,457",False
31,31,2016-03-11,8.09,1.76,7.94,7.67,8.22,"737,423,978",False
32,32,2016-03-14,7.4,-8.53,7.4,7.4,8.2,"655,229,814",False
33,33,2016-03-15,6.61,-10.68,6.61,6.56,6.96,"698,485,643",False
34,34,2016-03-16,7.23,9.38,6.51,6.41,7.23,"584,312,229",False
35,35,2016-03-17,8.1,12.03,8.15,7.71,8.19,"943,356,446",False
36,36,2016-03-18,8.12,0.25,8.09,7.72,8.17,"608,847,049",False
37,37,2016-03-21,8.06,-0.74,8.08,7.93,8.27,"526,247,185",False
38,38,2016-03-22,8.11,0.62,7.85,7.73,8.18,"669,341,665",False
39,39,2016-03-23,7.78,-4.07,7.88,7.66,7.96,"473,396,702",False
40,40,2016-03-24,7.81,0.39,7.53,7.32,8.0,"398,617,252",False
41,41,2016-03-28,8.44,8.07,8.15,7.91,8.48,"568,050,120",False
42,42,2016-03-29,8.49,0.59,8.34,8.19,8.85,"755,373,210",False
43,43,2016-03-30,8.44,-0.59,8.7,8.28,9.0,"777,981,015",False
44,44,2016-03-31,8.35,-1.07,8.36,8.19,8.63,"583,425,870",False
45,45,2016-04-01,8.36,0.12,8.05,7.94,8.41,"603,182,310",False
46,46,2016-04-04,7.58,-9.33,8.0,7.53,8.18,"549,510,030",False
47,47,2016-04-05,7.83,3.3,7.55,7.41,8.05,"586,195,354",False
48,48,2016-04-06,7.58,-3.19,7.77,7.58,7.96,"544,294,754",False
49,49,2016-04-07,7.7,1.58,7.79,7.6,7.85,"355,436,294",False
50,50,2016-04-08,8.26,7.27,8.13,8.04,8.34,"690,402,630",False
51,51,2016-04-11,8.39,1.57,8.43,8.34,8.58,"516,665,758",False
52,52,2016-04-12,9.03,7.63,8.55,8.49,9.15,"757,541,727",False
53,53,2016-04-13,9.51,5.32,9.41,9.29,9.74,"1,008,350,714",False
54,54,2016-04-14,9.16,-3.68,9.16,9.12,9.77,"716,163,557",False
55,55,2016-04-15,9.69,5.79,9.25,9.07,9.83,"895,806,404",False
56,56,2016-04-18,9.24,-4.64,9.65,8.89,9.72,"825,145,523",False
57,57,2016-04-19,9.62,4.11,9.48,9.34,9.67,"545,078,948",False
58,58,2016-04-20,9.48,-1.46,9.48,9.34,9.64,"503,958,256",False
59,59,2016-04-22,9.75,2.85,9.32,9.29,9.93,"612,373,023",False
60,60,2016-04-25,9.33,-4.31,9.71,9.33,9.9,"532,753,536",False
61,61,2016-04-26,9.67,3.64,9.48,9.34,9.74,"385,231,571",False
62,62,2016-04-27,10.25,6,9.85,9.77,10.3,"861,495,999",False
63,63,2016-04-28,10.23,-0.2,10.23,10.08,10.54,"592,154,574",False
64,64,2016-04-29,10.23,0,10.41,10.01,10.49,"548,271,650",False
65,65,2016-05-02,10.17,-0.59,10.25,9.93,10.36,"488,790,203",False
66,66,2016-05-03,9.78,-3.83,10.01,9.71,10.09,"458,544,376",False
67,67,2016-05-04,9.92,1.43,9.85,9.85,10.15,"428,761,814",False
68,68,2016-05-05,9.81,-1.11,10.28,9.6,10.3,"647,812,356",False
69,69,2016-05-06,10.08,2.75,9.63,9.58,10.13,"448,185,357",False
70,70,2016-05-09,9.48,-5.95,10.01,8.84,10.05,"888,858,988",False
71,71,2016-05-10,10.21,7.7,9.82,9.72,10.21,"520,272,308",False
72,72,2016-05-11,10.25,0.39,10.39,9.99,10.5,"762,187,873",False
73,73,2016-05-12,9.79,-4.49,10.4,9.79,10.47,"675,049,775",False
74,74,2016-05-13,9.46,-3.37,9.93,9.39,10.06,"668,260,190",False
75,75,2016-05-16,9.75,3.07,9.55,9.52,9.85,"596,170,942",False
76,76,2016-05-17,9.5,-2.56,9.83,9.46,9.88,"443,574,401",False
77,77,2016-05-18,9.32,-1.89,9.31,9.27,9.65,"487,168,921",False
78,78,2016-05-19,8.96,-3.86,9.25,8.65,9.25,"666,273,733",False
79,79,2016-05-20,8.9,-0.67,9.2,8.9,9.46,"594,326,190",False
80,80,2016-05-23,8.5,-4.49,8.55,8.42,8.67,"434,582,535",False
81,81,2016-05-24,8.53,0.35,8.69,8.45,8.85,"384,329,922",False
82,82,2016-05-25,8.67,1.64,8.68,8.59,8.94,"395,885,753",False
83,83,2016-05-27,8.23,-5.08,8.5,8.23,8.57,"391,352,150",False
84,84,2016-05-30,8.38,1.82,8.18,8.06,8.62,"265,184,518",False
85,85,2016-05-31,8.04,-4.06,8.36,8.04,8.57,"480,428,979",False
86,86,2016-06-01,8.18,1.74,8.09,7.86,8.25,"367,903,010",False
87,87,2016-06-02,8.4,2.69,8.19,8.03,8.41,"431,989,303",False
88,88,2016-06-03,8.57,2.02,8.51,8.45,8.67,"386,974,016",False
89,89,2016-06-06,8.46,-1.28,8.7,8.45,8.78,"314,570,676",False
90,90,2016-06-07,8.62,1.89,8.42,8.39,8.72,"294,416,677",False
91,91,2016-06-08,9.39,8.93,8.8,8.8,9.41,"702,815,533",False
92,92,2016-06-09,9.18,-2.24,9.28,9.05,9.38,"425,936,869",False
93,93,2016-06-10,8.78,-4.36,8.97,8.78,8.99,"341,657,316",False
94,94,2016-06-13,8.62,-1.82,8.58,8.52,8.84,"320,145,079",False
95,95,2016-06-14,8.3,-3.71,8.6,8.25,8.77,"554,243,825",False
96,96,2016-06-15,8.51,2.53,8.3,8.27,8.69,"718,122,261",False
97,97,2016-06-16,8.5,-0.12,8.41,8.28,8.54,"393,273,364",False
98,98,2016-06-17,8.95,5.29,8.75,8.73,8.95,"557,610,412",False
99,99,2016-06-20,9.18,2.57,9.22,9.12,9.37,"587,248,258",False
100,100,2016-06-21,9.53,3.81,9.09,8.94,9.54,"488,894,568",False
101,101,2016-06-22,9.34,-1.99,9.61,9.34,9.75,"588,387,657",False
102,102,2016-06-23,9.67,3.53,9.59,9.51,9.7,"457,943,611",False
103,103,2016-06-24,9.25,-4.34,9.0,8.92,9.33,"688,141,107",False
104,104,2016-06-27,8.78,-5.08,9.22,8.78,9.34,"523,210,746",False
105,105,2016-06-28,9.2,4.78,9.1,9.07,9.28,"413,285,352",False
106,106,2016-06-29,9.5,3.26,9.43,9.32,9.57,"528,907,032",False
107,107,2016-06-30,9.42,-0.84,9.42,9.24,9.49,"409,086,719",False
108,108,2016-07-01,9.82,4.25,9.48,9.37,9.85,"474,561,580",False
109,109,2016-07-04,9.87,0.51,9.95,9.79,10.05,"239,813,774",False
110,110,2016-07-05,9.29,-5.88,9.65,9.23,9.67,"650,206,657",False
111,111,2016-07-06,9.5,2.26,9.09,8.95,9.52,"621,696,879",False
112,112,2016-07-07,9.56,0.63,9.66,9.52,9.98,"788,314,000",False
113,113,2016-07-08,9.84,2.93,9.85,9.67,9.94,"416,980,892",False
114,114,2016-07-11,10.36,5.28,10.0,9.98,10.37,"677,672,647",False
115,115,2016-07-12,10.65,2.8,10.61,10.58,10.8,"617,170,405",False
116,116,2016-07-13,10.63,-0.19,10.47,10.21,10.63,"667,074,890",False
117,117,2016-07-14,10.93,2.82,10.92,10.66,10.98,"574,385,009",False
118,118,2016-07-15,11.02,0.82,10.91,10.82,11.06,"554,016,043",False
119,119,2016-07-18,11.55,4.81,10.97,10.87,11.74,"870,749,792",False
120,120,2016-07-19,11.78,1.99,11.51,11.5,11.97,"628,986,921",False
121,121,2016-07-20,11.82,0.34,11.82,11.54,11.9,"575,196,858",False
122,122,2016-07-21,11.85,0.25,11.77,11.73,11.99,"440,343,780",False
123,123,2016-07-22,11.94,0.76,11.84,11.72,11.97,"399,813,298",False
124,124,2016-07-25,12.03,0.75,11.98,11.91,12.25,"567,393,515",False
125,125,2016-07-26,11.88,-1.25,11.95,11.85,12.07,"454,134,758",False
126,126,2016-07-27,11.51,-3.11,11.99,11.51,12.04,"603,205,994",False
127,127,2016-07-28,11.44,-0.61,11.4,11.15,11.55,"459,249,712",False
128,128,2016-07-29,11.87,3.76,11.76,11.61,11.98,"714,220,540",False
129,129,2016-08-01,11.25,-5.22,11.93,11.22,11.97,"598,459,393",False
130,130,2016-08-02,11.36,0.98,11.33,11.1,11.62,"551,955,813",False
131,131,2016-08-03,11.9,4.75,11.58,11.33,11.9,"645,302,628",False
132,132,2016-08-04,12.01,0.92,11.93,11.87,12.12,"756,652,711",False
133,133,2016-08-05,11.65,-3,12.12,11.65,12.17,"636,587,178",False
134,134,2016-08-08,11.91,2.23,11.79,11.7,11.97,"490,430,343",False
135,135,2016-08-09,11.88,-0.25,11.92,11.75,12.07,"396,023,523",False
136,136,2016-08-10,11.56,-2.69,11.95,11.56,11.97,"483,393,336",False
137,137,2016-08-11,12.1,4.67,11.63,11.6,12.1,"657,752,701",False
138,138,2016-08-12,12.0,-0.83,12.05,11.98,12.44,"862,813,313",False
139,139,2016-08-15,12.31,2.58,12.19,12.07,12.37,"654,063,029",False
140,140,2016-08-16,12.49,1.46,12.31,12.14,12.56,"596,410,988",False
141,141,2016-08-17,12.76,2.16,12.47,12.32,12.76,"583,107,399",False
142,142,2016-08-18,12.88,0.94,12.8,12.78,13.03,"577,432,970",False
143,143,2016-08-19,12.79,-0.7,12.82,12.7,12.92,"425,050,847",False
144,144,2016-08-22,12.35,-3.44,12.63,12.3,12.63,"535,449,124",False
145,145,2016-08-23,12.67,2.59,12.48,12.42,12.86,"770,320,346",False
146,146,2016-08-24,12.4,-2.13,12.5,12.37,12.71,"549,920,293",False
147,147,2016-08-25,12.53,1.05,12.42,12.35,12.64,"503,752,563",False
148,148,2016-08-26,12.55,0.16,12.69,12.45,12.9,"637,826,972",False
149,149,2016-08-29,12.87,2.55,12.5,12.45,12.96,"468,228,087",False
150,150,2016-08-30,13.09,1.71,13.04,12.97,13.23,"672,169,128",False
151,151,2016-08-31,12.85,-1.83,13.13,12.71,13.22,"784,822,234",False
152,152,2016-09-01,13.0,1.17,12.97,12.76,13.09,"585,180,304",False
153,153,2016-09-02,13.57,4.38,13.22,13.15,13.58,"762,706,325",False
154,154,2016-09-05,13.83,1.92,13.79,13.73,13.93,"359,912,266",False
155,155,2016-09-06,13.98,1.08,13.69,13.53,13.98,"569,623,280",False
156,156,2016-09-08,14.22,1.72,14.07,13.96,14.29,"602,475,541",False
157,157,2016-09-09,13.51,-4.99,13.96,13.51,14.02,"582,794,508",False
158,158,2016-09-12,13.95,3.26,13.32,13.27,13.95,"603,758,058",False
159,159,2016-09-13,13.01,-6.74,13.7,12.94,13.85,"852,543,081",False
160,160,2016-09-14,13.11,0.77,13.15,12.97,13.36,"574,176,151",False
161,161,2016-09-15,13.51,3.05,13.21,13.16,13.56,"563,161,894",False
162,162,2016-09-16,13.16,-2.59,13.34,13.16,13.42,"588,971,163",False
163,163,2016-09-19,13.05,-0.84,13.42,13.02,13.54,"675,605,015",False
164,164,2016-09-20,13.5,3.45,13.45,13.33,13.63,"698,162,076",False
165,165,2016-09-21,13.66,1.19,13.6,13.4,13.69,"823,058,791",False
166,166,2016-09-22,14.0,2.49,13.89,13.84,14.09,"661,999,886",False
167,167,2016-09-23,13.69,-2.21,13.98,13.54,13.98,"721,162,532",False
168,168,2016-09-26,13.4,-2.12,13.59,13.39,13.69,"477,486,817",False
169,169,2016-09-27,13.12,-2.09,13.4,12.87,13.4,"752,929,953",False
170,170,2016-09-28,13.85,5.56,13.3,13.12,13.85,"922,394,482",False
171,171,2016-09-29,13.43,-3.03,13.8,13.43,13.9,"720,784,063",False
172,172,2016-09-30,13.57,1.04,13.53,13.44,13.77,"528,427,502",False
173,173,2016-10-03,13.97,2.95,13.67,13.62,13.97,"474,102,201",False
174,174,2016-10-04,14.02,0.36,13.98,13.83,14.12,"547,706,864",False
175,175,2016-10-05,14.58,3.99,14.58,14.16,14.64,"935,819,200",False
176,176,2016-10-06,15.1,3.57,14.71,14.62,15.1,"1,142,794,305",False
177,177,2016-10-07,15.26,1.06,15.23,14.97,15.38,"1,090,130,397",False
178,178,2016-10-10,15.73,3.08,15.52,15.51,15.77,"599,703,457",False
179,179,2016-10-11,15.39,-2.16,15.61,15.29,15.66,"1,047,210,135",False
180,180,2016-10-13,15.76,2.4,15.19,15.03,15.82,"899,142,382",False
181,181,2016-10-14,16.26,3.17,16.01,15.98,16.29,"1,063,794,912",False
182,182,2016-10-17,16.9,3.94,16.24,16.07,16.9,"1,239,306,404",False
183,183,2016-10-18,17.42,3.08,17.21,17.18,17.64,"1,341,211,618",False
184,184,2016-10-19,17.62,1.15,17.72,17.34,17.79,"1,146,810,092",False
185,185,2016-10-20,17.74,0.68,17.31,17.22,17.74,"1,099,335,176",False
186,186,2016-10-21,17.95,1.18,17.65,17.48,18.09,"854,846,869",False
187,187,2016-10-24,18.2,1.39,18.26,18.0,18.43,"941,395,100",False
188,188,2016-10-25,18.0,-1.1,18.22,17.71,18.29,"1,037,308,024",False
189,189,2016-10-26,18.1,0.56,17.7,17.61,18.25,"925,073,214",False
190,190,2016-10-27,18.09,-0.06,18.11,18.09,18.49,"798,563,954",False
191,191,2016-10-28,18.09,0,17.99,17.95,18.29,"683,237,204",False
192,192,2016-10-31,17.69,-2.21,18.03,17.61,18.17,"748,026,374",False
193,193,2016-11-01,16.86,-4.69,17.88,16.56,17.88,"1,178,290,171",False
194,194,2016-11-03,16.13,-4.33,16.63,16.13,17.03,"937,533,189",False
195,195,2016-11-04,15.99,-0.87,16.47,15.91,16.58,"997,401,704",False
196,196,2016-11-07,17.21,7.63,16.71,16.71,17.21,"877,342,569",False
197,197,2016-11-08,17.04,-0.99,17.1,16.73,17.48,"963,789,126",False
198,198,2016-11-09,16.65,-2.29,15.85,15.81,17.1,"1,832,973,107",False
199,199,2016-11-10,15.5,-6.91,17.1,15.5,17.18,"1,533,778,609",False
200,200,2016-11-11,14.01,-9.61,15.18,13.94,15.46,"1,902,200,217",False
201,201,2016-11-14,14.0,-0.07,13.8,13.33,14.18,"1,190,281,115",False
202,202,2016-11-16,14.74,5.29,14.55,14.18,14.96,"1,129,528,308",False
203,203,2016-11-17,14.29,-3.05,15.15,14.29,15.32,"769,711,236",False
204,204,2016-11-18,14.52,1.61,14.37,14.21,14.69,"797,766,759",False
205,205,2016-11-21,15.58,7.3,15.05,14.88,15.58,"903,896,161",False
206,206,2016-11-22,15.93,2.25,15.93,15.25,16.08,"925,058,048",False
207,207,2016-11-23,15.85,-0.5,15.72,15.53,15.99,"671,014,830",False
208,208,2016-11-24,15.58,-1.7,15.9,15.58,15.9,"231,672,132",False
209,209,2016-11-25,15.3,-1.8,15.25,15.05,15.52,"728,061,368",False
210,210,2016-11-28,15.46,1.05,15.2,15.2,15.56,"597,826,222",False
211,211,2016-11-29,14.66,-5.17,15.3,14.59,15.38,"803,761,140",False
212,212,2016-11-30,16.0,9.14,15.9,15.61,16.19,"1,316,174,668",False
213,213,2016-12-01,15.44,-3.5,16.0,15.33,16.35,"1,063,362,857",False
214,214,2016-12-02,15.83,2.53,15.12,14.75,15.91,"903,293,010",False
215,215,2016-12-05,15.66,-1.07,16.01,15.55,16.09,"752,226,832",False
216,216,2016-12-06,16.15,3.13,16.0,15.74,16.2,"1,023,040,935",False
217,217,2016-12-07,15.86,-1.8,16.3,15.77,16.33,"802,214,962",False
218,218,2016-12-08,15.7,-1.01,15.97,15.52,16.0,"648,013,110",False
219,219,2016-12-09,15.58,-0.76,15.88,15.52,15.9,"584,126,379",False
220,220,2016-12-12,15.6,0.13,15.79,15.48,15.95,"557,199,702",False
221,221,2016-12-13,15.45,-0.96,15.55,15.38,15.69,"519,764,575",False
222,222,2016-12-14,14.74,-4.6,15.43,14.74,15.47,"667,048,842",False
223,223,2016-12-15,14.85,0.75,14.78,14.33,14.91,"633,622,634",True
224,224,2016-12-16,14.76,-0.61,14.9,14.76,15.14,"564,261,035",False
225,225,2016-12-19,14.36,-2.71,14.88,14.35,14.89,"571,619,699",False
226,226,2016-12-20,14.35,-0.07,14.46,14.1,14.59,"456,286,610",False
227,227,2016-12-21,14.34,-0.07,14.45,14.04,14.48,"469,597,065",True
228,228,2016-12-22,14.01,-2.3,14.46,14.01,14.46,"596,031,940",False
229,229,2016-12-23,14.24,1.64,14.05,14.01,14.35,"309,168,316",False
230,230,2016-12-26,14.42,1.26,14.32,14.27,14.45,"82,501,537",False
231,231,2016-12-27,14.41,-0.07,14.5,14.26,14.55,"215,534,672",False
232,232,2016-12-28,14.78,2.57,14.43,14.36,14.81,"277,762,881",False
233,233,2016-12-29,14.87,0.61,14.85,14.52,14.88,"266,439,891",False
234,234,2017-01-02,14.66,-1.41,14.64,14.6,14.7,"110,251,594",False
235,235,2017-01-03,15.5,5.73,14.95,14.95,15.65,"613,726,454",False
236,236,2017-01-04,15.5,0,15.45,15.31,15.68,"574,660,470",False
237,237,2017-01-05,15.75,1.61,15.7,15.62,15.91,"750,416,010",False
238,238,2017-01-06,15.66,-0.57,15.78,15.5,15.92,"401,383,340",False
239,239,2017-01-09,15.33,-2.11,15.5,15.33,15.6,"395,853,062",False
240,240,2017-01-10,15.48,0.98,15.6,15.39,15.68,"408,290,348",False
241,241,2017-01-11,15.66,1.16,15.64,15.27,15.68,"533,930,096",False
242,242,2017-01-12,15.9,1.53,16.15,15.9,16.25,"800,242,399",False
243,243,2017-01-13,15.68,-1.38,15.77,15.57,15.95,"540,794,917",False
244,244,2017-01-16,15.75,0.45,15.7,15.58,15.75,"315,096,558",False
245,245,2017-01-17,15.82,0.44,15.73,15.72,15.97,"455,286,006",False
246,246,2017-01-18,15.79,-0.19,15.8,15.71,15.93,"391,422,264",False
247,247,2017-01-19,15.77,-0.13,15.82,15.58,15.88,"341,918,356",False
248,248,2017-01-20,16.0,1.46,15.84,15.81,16.19,"558,667,203",False
249,249,2017-01-23,15.99,-0.06,15.94,15.79,16.09,"401,372,150",False
250,250,2017-01-24,16.04,0.31,16.12,15.97,16.43,"805,622,019",False
251,251,2017-01-26,15.8,-1.5,16.15,15.8,16.19,"597,099,756",False
252,252,2017-01-27,15.62,-1.14,15.73,15.54,15.87,"364,881,549",False
253,253,2017-01-30,14.84,-4.99,15.51,14.84,15.53,"404,592,675",False
254,254,2017-01-31,15.02,1.21,14.99,14.9,15.37,"466,453,226",False
255,255,2017-02-01,15.02,0,15.26,14.91,15.41,"544,015,805",False
256,256,2017-02-02,14.89,-0.87,14.99,14.86,15.28,"590,933,188",False
257,257,2017-02-03,15.34,3.02,14.92,14.77,15.34,"609,655,914",False
258,258,2017-02-06,14.96,-2.48,15.38,14.95,15.47,"450,522,285",False
259,259,2017-02-07,14.7,-1.74,15.1,14.7,15.16,"434,009,614",False
260,260,2017-02-08,15.1,2.72,14.77,14.27,15.1,"861,209,873",False
261,261,2017-02-09,15.05,-0.33,15.18,14.96,15.24,"511,618,512",False
262,262,2017-02-10,15.58,3.52,15.2,15.14,15.63,"685,404,114",False
263,263,2017-02-13,15.62,0.26,15.77,15.55,15.91,"572,453,222",False
264,264,2017-02-14,15.82,1.28,15.74,15.56,15.95,"543,006,356",False
265,265,2017-02-15,15.84,0.13,15.91,15.78,16.05,"763,938,572",False
266,266,2017-02-16,15.86,0.13,15.84,15.75,16.07,"593,031,944",False
267,267,2017-02-17,15.61,-1.58,15.74,15.6,15.9,"389,855,624",False
268,268,2017-02-20,15.92,1.99,15.74,15.65,15.98,"529,703,059",False
269,269,2017-02-21,16.09,1.07,16.1,16.04,16.23,"543,204,751",False
270,270,2017-02-22,15.7,-2.42,16.0,15.57,16.02,"713,306,823",False
271,271,2017-02-23,15.56,-0.89,15.94,15.48,16.1,"649,188,816",False
272,272,2017-02-24,15.18,-2.44,15.35,15.1,15.47,"463,634,465",False
273,273,2017-03-01,15.52,2.24,15.51,15.32,15.55,"397,238,039",True
274,274,2017-03-02,15.11,-2.64,15.44,14.99,15.45,"583,557,092",False
275,275,2017-03-03,15.32,1.39,15.22,15.04,15.34,"373,078,109",False
276,276,2017-03-06,15.1,-1.44,15.1,15.04,15.47,"354,337,315",False
277,277,2017-03-07,15.18,0.53,15.18,15.12,15.38,"470,817,331",False
278,278,2017-03-08,14.55,-4.15,15.16,14.55,15.18,"729,536,853",False
279,279,2017-03-09,14.5,-0.34,14.5,14.17,14.59,"665,827,153",False
280,280,2017-03-10,14.31,-1.31,14.72,14.24,14.88,"614,151,939",False
281,281,2017-03-13,14.37,0.42,14.33,14.16,14.4,"399,803,751",False
282,282,2017-03-14,13.59,-5.43,14.07,13.59,14.1,"916,913,515",False
283,283,2017-03-15,14.2,4.49,13.86,13.55,14.2,"764,846,785",False
284,284,2017-03-16,13.71,-3.45,14.26,13.68,14.32,"488,646,421",False
285,285,2017-03-17,13.16,-4.01,13.81,13.05,13.88,"1,085,024,423",False
286,286,2017-03-20,13.6,3.34,12.98,12.91,13.67,"696,885,374",False
287,287,2017-03-21,13.0,-4.41,13.61,12.82,13.63,"604,873,258",False
288,288,2017-03-22,13.66,5.08,13.2,13.03,13.72,"835,171,658",False
289,289,2017-03-23,13.57,-0.66,13.48,13.42,13.82,"495,122,697",False
290,290,2017-03-24,13.48,-0.66,13.7,13.34,13.77,"404,140,670",False
291,291,2017-03-27,13.77,2.15,13.24,13.02,13.79,"427,580,445",False
292,292,2017-03-28,13.95,1.31,13.9,13.77,14.11,"625,540,593",False
293,293,2017-03-29,14.45,3.58,14.04,13.93,14.49,"611,176,864",False
294,294,2017-03-30,14.45,0,14.55,14.35,14.64,"474,026,455",False
295,295,2017-03-31,14.49,0.28,14.36,14.26,14.65,"485,358,809",False
296,296,2017-04-03,14.67,1.24,14.54,14.53,14.75,"573,379,493",False
297,297,2017-04-04,14.85,1.23,14.67,14.57,14.89,"352,918,198",False
298,298,2017-04-05,14.57,-1.89,15.05,14.5,15.16,"740,890,668",False
299,299,2017-04-06,14.53,-0.27,14.62,14.42,14.87,"503,843,936",False
300,300,2017-04-07,14.7,1.17,14.61,14.6,14.9,"486,397,462",False
301,301,2017-04-10,14.94,1.63,14.9,14.7,14.94,"557,354,115",False
302,302,2017-04-11,14.68,-1.74,14.97,14.55,14.99,"566,769,390",False
303,303,2017-04-12,14.65,-0.2,14.6,14.58,14.83,"624,795,254",False
304,304,2017-04-13,14.08,-3.89,14.65,14.08,14.69,"634,388,960",False
305,305,2017-04-17,14.28,1.42,14.14,13.97,14.35,"653,380,091",False
306,306,2017-04-18,14.1,-1.26,14.15,13.95,14.37,"640,335,609",False
307,307,2017-04-19,13.6,-3.55,14.24,13.55,14.28,"565,169,891",False
308,308,2017-04-20,13.88,2.06,13.8,13.63,13.9,"384,483,895",False
309,309,2017-04-24,14.03,1.08,14.13,13.92,14.16,"383,580,396",False
310,310,2017-04-25,14.34,2.21,13.9,13.8,14.34,"448,442,550",False
311,311,2017-04-26,14.0,-2.37,14.16,14.0,14.49,"522,416,698",False
312,312,2017-04-27,13.73,-1.93,13.99,13.56,14.03,"398,038,771",False
313,313,2017-04-28,13.97,1.75,13.85,13.69,14.1,"430,932,156",False
314,314,2017-05-02,13.99,0.14,14.06,13.85,14.34,"530,775,421",False
315,315,2017-05-03,14.16,1.22,14.04,13.95,14.25,"531,863,602",False
316,316,2017-05-04,13.6,-3.95,14.0,13.58,14.0,"514,534,581",False
317,317,2017-05-05,14.21,4.49,13.69,13.66,14.21,"456,568,411",False
318,318,2017-05-08,14.08,-0.91,14.13,13.98,14.35,"513,769,627",False
319,319,2017-05-09,14.14,0.43,14.15,14.04,14.24,"393,081,307",False
320,320,2017-05-10,14.73,4.17,14.34,14.31,14.75,"672,417,274",False
321,321,2017-05-11,14.82,0.61,14.88,14.64,14.92,"425,637,571",False
322,322,2017-05-12,15.45,4.25,15.5,15.35,15.58,"1,284,107,639",False
323,323,2017-05-15,15.68,1.49,15.77,15.65,15.87,"734,924,425",False
324,324,2017-05-16,15.7,0.13,15.77,15.52,15.78,"534,586,812",False
325,325,2017-05-17,15.61,-0.57,15.56,15.51,15.72,"465,614,443",False
326,326,2017-05-18,13.15,-15.76,12.45,12.45,14.0,"1,907,705,833",False
327,327,2017-05-19,13.62,3.57,13.75,13.46,13.9,"963,369,569",False
328,328,2017-05-22,13.4,-1.62,13.35,13.0,13.51,"728,579,887",False
329,329,2017-05-23,13.49,0.67,13.45,13.38,13.6,"653,341,085",False
330,330,2017-05-24,13.94,3.34,13.75,13.69,14.09,"749,195,302",False
331,331,2017-05-25,13.74,-1.43,13.97,13.63,14.19,"620,916,189",False
332,332,2017-05-26,13.68,-0.44,13.47,13.4,13.79,"858,044,236",False
333,333,2017-05-29,13.57,-0.8,13.57,13.55,13.76,"216,812,716",False
334,334,2017-05-30,13.36,-1.55,13.55,13.36,13.64,"464,029,132",False
335,335,2017-05-31,12.96,-2.99,13.21,12.95,13.31,"584,459,581",False
336,336,2017-06-01,12.82,-1.08,13.16,12.82,13.29,"556,892,015",False
337,337,2017-06-02,13.05,1.79,12.79,12.68,13.05,"549,295,159",False
338,338,2017-06-05,13.18,1,12.96,12.92,13.24,"410,176,564",False
339,339,2017-06-06,13.18,0,13.23,13.03,13.33,"465,526,515",False
340,340,2017-06-07,12.87,-2.35,13.28,12.81,13.34,"572,430,249",False
341,341,2017-06-08,12.84,-0.23,12.78,12.71,12.96,"353,459,588",False
342,342,2017-06-09,12.85,0.08,12.96,12.83,13.1,"391,708,394",False
343,343,2017-06-12,12.9,0.39,12.97,12.77,13.03,"393,118,935",False
344,344,2017-06-13,12.94,0.31,12.95,12.77,13.02,"293,233,987",False
345,345,2017-06-14,12.62,-2.47,12.94,12.61,13.04,"857,796,304",False
346,346,2017-06-16,12.28,-2.69,12.58,12.21,12.59,"901,036,179",False
347,347,2017-06-19,12.29,0.08,12.31,12.22,12.47,"565,797,546",False
348,348,2017-06-20,11.86,-3.5,12.12,11.76,12.13,"640,599,386",False
349,349,2017-06-21,11.64,-1.86,11.95,11.59,12.12,"692,545,615",False
350,350,2017-06-22,12.04,3.44,11.76,11.72,12.04,"499,899,167",False
351,351,2017-06-23,11.93,-0.91,12.11,11.87,12.15,"398,027,422",False
352,352,2017-06-26,12.27,2.85,12.1,12.04,12.3,"516,683,229",False
353,353,2017-06-27,12.21,-0.49,12.34,12.13,12.48,"550,844,223",False
354,354,2017-06-28,12.08,-1.06,12.08,12.01,12.32,"380,151,721",False
355,355,2017-06-29,12.18,0.83,12.26,12.09,12.3,"294,770,700",False
356,356,2017-06-30,12.37,1.56,12.25,12.19,12.48,"363,572,554",False
357,357,2017-07-03,12.36,-0.08,12.28,12.22,12.41,"385,054,662",False
358,358,2017-07-04,12.43,0.57,12.34,12.32,12.43,"153,960,842",False
359,359,2017-07-05,12.21,-1.77,12.38,12.12,12.52,"513,583,970",False
360,360,2017-07-06,12.17,-0.33,12.28,12.08,12.36,"632,686,650",False
361,361,2017-07-07,11.93,-1.97,12.13,11.85,12.17,"507,790,351",False
362,362,2017-07-10,11.98,0.42,11.83,11.74,12.01,"255,634,339",False
363,363,2017-07-11,12.33,2.92,11.95,11.9,12.45,"553,012,171",False
364,364,2017-07-12,12.94,4.95,12.64,12.51,12.99,"841,813,255",False
365,365,2017-07-13,12.87,-0.54,12.96,12.8,13.04,"423,924,884",False
366,366,2017-07-14,13.05,1.4,12.96,12.91,13.06,"465,448,443",False
367,367,2017-07-17,12.89,-1.23,13.03,12.87,13.05,"361,660,184",False
368,368,2017-07-18,12.94,0.39,13.0,12.83,13.02,"245,938,515",False
369,369,2017-07-19,13.23,2.24,13.0,12.97,13.27,"476,642,223",False
370,370,2017-07-20,13.1,-0.98,13.29,13.03,13.35,"390,321,751",False
371,371,2017-07-21,12.69,-3.13,13.0,12.67,13.04,"492,974,376",False
372,372,2017-07-24,12.88,1.5,12.83,12.77,12.92,"207,135,863",False
373,373,2017-07-25,13.22,2.64,13.01,13.01,13.25,"388,914,000",False
374,374,2017-07-26,12.98,-1.82,13.3,12.98,13.34,"379,670,907",False
375,375,2017-07-27,13.0,0.15,13.05,13.0,13.17,"280,841,378",False
376,376,2017-07-28,13.13,1,12.98,12.91,13.13,"270,994,583",False
377,377,2017-07-31,13.29,1.22,13.22,13.07,13.31,"411,400,212",False
378,378,2017-08-01,13.12,-1.28,13.3,13.08,13.32,"296,705,520",False
379,379,2017-08-02,13.51,2.97,13.13,13.08,13.61,"614,112,556",False
380,380,2017-08-03,13.31,-1.48,13.57,13.31,13.66,"418,139,902",False
381,381,2017-08-04,13.4,0.68,13.41,13.26,13.48,"287,162,815",False
382,382,2017-08-07,13.55,1.12,13.35,13.33,13.62,"400,809,268",False
383,383,2017-08-08,13.49,-0.44,13.5,13.46,13.69,"386,454,000",False
384,384,2017-08-09,13.52,0.22,13.51,13.44,13.61,"361,599,309",False
385,385,2017-08-10,13.19,-2.44,13.6,13.15,13.66,"746,415,581",False
386,386,2017-08-11,12.95,-1.82,13.14,12.94,13.2,"548,683,630",False
387,387,2017-08-14,13.08,1,12.98,12.91,13.22,"411,447,843",False
388,388,2017-08-15,13.15,0.54,13.08,13.05,13.24,"317,034,045",False
389,389,2017-08-16,13.13,-0.15,13.3,13.1,13.38,"593,202,870",False
390,390,2017-08-17,13.05,-0.61,13.12,13.02,13.26,"303,731,767",False
391,391,2017-08-18,13.6,4.21,13.16,13.16,13.6,"883,760,096",False
392,392,2017-08-21,13.34,-1.91,13.64,13.28,13.66,"532,123,710",False
393,393,2017-08-22,13.79,3.37,13.7,13.64,13.87,"753,725,243",False
394,394,2017-08-23,13.76,-0.22,13.78,13.65,13.93,"655,401,189",False
395,395,2017-08-24,13.8,0.29,13.78,13.68,13.89,"441,464,458",False
396,396,2017-08-25,13.88,0.58,13.87,13.81,13.94,"333,701,392",False
397,397,2017-08-28,13.87,-0.07,13.87,13.76,14.03,"375,722,226",False
398,398,2017-08-29,13.85,-0.14,13.85,13.68,13.85,"372,961,613",False
399,399,2017-08-30,13.45,-2.89,13.79,13.44,13.9,"792,365,081",False
400,400,2017-08-31,13.65,1.49,13.53,13.47,13.77,"1,127,334,175",False
401,401,2017-09-01,14.02,2.71,13.85,13.82,14.19,"840,919,384",False
402,402,2017-09-04,14.17,1.07,13.96,13.94,14.18,"253,330,636",False
403,403,2017-09-05,14.41,1.69,14.57,14.23,14.65,"811,274,062",False
404,404,2017-09-06,15.02,4.23,14.65,14.51,15.02,"999,855,183",False
405,405,2017-09-08,14.71,-2.06,15.1,14.69,15.15,"527,619,643",False
406,406,2017-09-11,14.99,1.9,14.88,14.81,15.05,"519,911,573",False
407,407,2017-09-12,14.87,-0.8,14.98,14.86,15.16,"742,175,441",False
408,408,2017-09-13,15.03,1.08,14.94,14.81,15.1,"551,549,890",False
409,409,2017-09-14,15.04,0.07,15.03,15.02,15.26,"515,099,234",False
410,410,2017-09-15,15.04,0,15.07,14.99,15.17,"715,410,857",False
411,411,2017-09-18,15.04,0,15.04,14.98,15.19,"709,932,291",False
412,412,2017-09-19,15.14,0.66,15.1,14.92,15.17,"535,421,229",True
413,413,2017-09-20,15.87,4.82,15.25,15.07,15.88,"1,235,108,161",False
414,414,2017-09-21,15.67,-1.26,15.67,15.58,15.96,"726,377,513",False
415,415,2017-09-22,15.69,0.13,15.6,15.43,15.8,"637,606,589",False
416,416,2017-09-25,15.84,0.96,15.79,15.7,15.96,"574,734,315",False
417,417,2017-09-26,15.56,-1.77,15.86,15.56,15.9,"591,431,237",False
418,418,2017-09-27,15.31,-1.61,15.7,15.11,15.72,"637,455,923",False
419,419,2017-09-28,15.34,0.2,15.37,15.22,15.5,"516,972,075",False
420,420,2017-09-29,15.3,-0.26,15.5,15.3,15.52,"437,040,465",False
421,421,2017-10-02,15.4,0.65,15.19,15.06,15.4,"451,678,662",False
422,422,2017-10-03,15.98,3.77,15.6,15.52,15.98,"795,836,591",False
423,423,2017-10-04,15.66,-2,15.9,15.65,15.94,"750,123,714",False
424,424,2017-10-05,15.9,1.53,15.88,15.85,16.11,"876,354,878",False
425,425,2017-10-06,15.69,-1.32,15.66,15.54,15.77,"649,597,532",False
426,426,2017-10-09,15.89,1.27,15.61,15.59,15.89,"434,244,816",False
427,427,2017-10-10,16.19,1.89,16.13,16.01,16.19,"756,066,329",False
428,428,2017-10-11,16.08,-0.68,16.17,16.01,16.25,"649,520,481",False
429,429,2017-10-13,16.08,0,16.23,16.06,16.29,"386,924,123",False
430,430,2017-10-16,16.12,0.25,16.16,16.0,16.26,"720,674,050",False
431,431,2017-10-17,16.13,0.06,16.14,16.07,16.22,"411,901,359",False
432,432,2017-10-18,16.16,0.19,16.0,16.13,16.28,"416,365,688",False
433,433,2017-10-19,16.15,-0.06,16.0,15.9,16.16,"395,933,123",False
434,434,2017-10-20,16.22,0.43,16.19,16.17,16.39,"528,213,737",False
435,435,2017-10-23,16.2,-0.12,16.29,16.12,16.29,"476,553,486",False
436,436,2017-10-24,16.51,1.91,16.28,16.17,16.51,"755,262,916",False
437,437,2017-10-25,16.72,1.27,16.53,16.45,16.73,"622,846,482",False
438,438,2017-10-26,16.73,0.06,16.73,16.66,16.89,"634,774,995",False
439,439,2017-10-27,17.03,1.79,16.77,16.65,17.09,"773,960,391",False
440,440,2017-10-30,16.78,-1.47,16.97,16.74,17.17,"937,168,340",False
441,441,2017-10-31,16.77,-0.06,16.9,16.72,16.95,"542,617,551",False
442,442,2017-11-01,16.9,0.78,16.99,16.88,17.1,"660,787,853",False
443,443,2017-11-03,16.94,0.24,16.96,16.68,17.01,"550,193,135",False
444,444,2017-11-06,17.43,2.89,17.05,16.98,17.44,"793,731,732",False
445,445,2017-11-07,16.5,-5.34,17.31,16.5,17.35,"1,033,694,895",False
446,446,2017-11-08,16.95,2.73,16.69,16.51,16.95,"688,793,384",False
447,447,2017-11-09,16.72,-1.36,16.89,16.72,16.94,"494,702,758",False
448,448,2017-11-10,16.72,0,16.71,16.51,16.81,"599,722,639",False
449,449,2017-11-13,16.64,-0.48,16.69,16.39,16.77,"476,561,809",False
450,450,2017-11-14,15.35,-7.75,16.5,15.28,16.52,"1,404,322,730",False
451,451,2017-11-16,15.81,3,15.62,15.48,16.04,"674,480,853",False
452,452,2017-11-17,16.02,1.33,15.92,15.81,16.12,"613,846,991",False
453,453,2017-11-21,15.9,-0.75,16.15,15.85,16.31,"739,091,826",False
454,454,2017-11-22,16.11,1.32,16.09,15.93,16.24,"602,225,860",False
455,455,2017-11-23,16.19,0.5,15.98,15.94,16.26,"247,909,767",False
456,456,2017-11-24,16.1,-0.56,16.1,16.04,16.37,"304,363,408",False
457,457,2017-11-27,15.87,-1.43,16.01,15.78,16.02,"451,529,465",False
458,458,2017-11-28,15.84,-0.19,15.93,15.81,16.04,"484,192,071",False
459,459,2017-11-29,15.33,-3.22,15.87,15.32,15.92,"710,639,871",False
460,460,2017-11-30,15.38,0.33,15.3,14.99,15.47,"806,185,902",False
461,461,2017-12-01,15.61,1.5,15.34,15.26,15.77,"666,129,728",False
462,462,2017-12-04,15.48,-0.83,15.65,15.46,15.8,"683,266,621",False
463,463,2017-12-05,15.31,-1.1,15.5,15.21,15.83,"470,538,978",False
464,464,2017-12-06,15.52,1.37,15.22,15.14,15.7,"605,065,038",False
465,465,2017-12-07,15.26,-1.68,15.3,15.07,15.49,"570,478,133",False
466,466,2017-12-08,15.35,0.59,15.51,15.35,15.68,"615,406,307",False
467,467,2017-12-11,15.38,0.2,15.48,15.37,15.57,"328,680,933",False
468,468,2017-12-12,15.49,0.72,15.36,15.18,15.49,"554,640,497",False
469,469,2017-12-13,15.18,-2,15.65,15.11,15.68,"724,415,554",False
470,470,2017-12-14,15.01,-1.12,15.1,15.0,15.31,"561,970,946",False
471,471,2017-12-15,14.95,-0.4,15.05,14.95,15.24,"839,397,400",False
472,472,2017-12-18,15.22,1.81,15.16,15.13,15.33,"651,555,651",False
473,473,2017-12-19,15.14,-0.53,15.18,15.06,15.25,"342,657,855",False
474,474,2017-12-20,15.24,0.66,15.21,15.17,15.3,"306,921,821",False
475,475,2017-12-21,15.86,4.07,15.31,15.3,15.87,"737,905,109",False
476,476,2017-12-22,15.75,-0.69,15.75,15.69,15.89,"295,397,537",False
477,477,2017-12-26,15.97,1.4,15.75,15.69,15.99,"351,819,956",False
478,478,2017-12-27,16.05,0.5,15.99,15.98,16.14,"378,224,276",False
479,479,2017-12-28,16.1,0.31,16.1,16.0,16.13,"305,803,856",False
480,480,2018-01-02,16.55,2.8,16.19,16.19,16.55,"549,626,494",False
481,481,2018-01-03,16.7,0.91,16.49,16.37,16.72,"927,606,676",False
482,482,2018-01-04,16.73,0.18,16.78,16.62,16.96,"624,099,864",False
483,483,2018-01-05,16.83,0.6,16.7,16.57,16.86,"452,007,598",False
484,484,2018-01-08,17.03,1.19,17.03,16.71,17.03,"480,575,914",False
485,485,2018-01-09,17.03,0,17.03,16.96,17.16,"598,574,634",False
486,486,2018-01-10,16.8,-1.35,16.92,16.77,17.05,"483,077,986",False
487,487,2018-01-11,17.25,2.68,16.88,16.84,17.3,"648,199,393",False
488,488,2018-01-12,17.3,0.29,17.04,17.02,17.41,"792,052,844",False
489,489,2018-01-15,17.35,0.29,17.35,17.15,17.44,"501,946,569",False
490,490,2018-01-16,17.65,1.73,17.35,17.3,17.84,"1,035,475,161",False
491,491,2018-01-17,18.36,4.02,17.92,17.81,18.36,"1,057,469,228",False
492,492,2018-01-18,18.22,-0.76,18.35,17.93,18.53,"886,368,844",False
493,493,2018-01-19,18.26,0.22,18.31,18.03,18.42,"608,457,563",False
494,494,2018-01-22,18.47,1.15,18.47,18.09,18.47,"620,941,511",False
495,495,2018-01-23,18.29,-5.43%,18.4,18.0,18.46,"725,655,241",False
496,496,2018-01-24,19.34,5.74,18.42,18.42,19.63,"1,707,747,172",False
497,497,2018-01-26,19.12,3.07%,18.82,18.32,19.17,"81,99M",False
498,498,2018-01-29,19.04,-0.42%,18.87,18.77,19.23,"55,73M",False
499,499,2018-01-30,18.7,-1.79%,18.97,18.57,18.97,"46,20M",False
500,500,2018-01-31,18.9,1.07%,18.94,18.88,19.12,"41,58M",False
501,501,2018-02-01,19.69,4.18%,18.96,18.96,19.78,"51,95M",False
502,502,2018-02-02,19.16,-2.69%,19.47,19.04,19.59,"50,66M",False
503,503,2018-02-05,18.27,-4.65%,18.85,18.27,19.16,"62,27M",False
504,504,2018-02-06,19.18,4.98%,17.9,17.86,19.18,"74,15M",False
505,505,2018-02-07,18.65,-2.76%,19.16,18.57,19.4,"61,91M",False
506,506,2018-02-08,18.28,-1.98%,18.76,18.04,18.94,"51,12M",False
507,507,2018-02-09,18.01,-1.48%,18.26,17.76,18.6,"68,73M",False
508,508,2018-02-14,18.47,2.55%,18.24,18.19,18.57,"43,40M",False
509,509,2018-02-15,18.61,0.76%,18.71,18.39,18.75,"31,98M",False
510,510,2018-02-16,18.63,0.11%,18.67,18.52,18.78,"34,74M",False
511,511,2018-02-19,19.23,3.22%,18.76,18.76,19.28,"40,93M",False
512,512,2018-02-20,19.61,1.98%,19.07,19.01,19.97,"67,42M",False
513,513,2018-02-21,19.43,-0.92%,19.75,19.43,20.03,"55,68M",False
514,514,2018-02-22,19.9,2.42%,19.75,19.7,19.97,"38,17M",False
515,515,2018-02-23,20.26,1.81%,20.1,19.78,20.28,"55,76M",False
516,516,2018-02-26,20.65,1.92%,20.53,20.51,20.81,"48,16M",False
517,517,2018-02-27,20.63,-0.10%,20.6,20.47,20.96,"42,91M",False
518,518,2018-02-28,20.59,-0.19%,20.75,20.32,20.89,"66,23M",False
519,519,2018-03-01,20.18,-1.99%,20.53,19.92,20.59,"66,38M",False
520,520,2018-03-02,20.64,2.28%,19.86,19.68,20.64,"52,68M",False
521,521,2018-03-05,21.22,2.81%,20.62,20.49,21.27,"54,24M",False
522,522,2018-03-06,21.01,-0.99%,21.59,20.97,21.71,"57,24M",False
523,523,2018-03-07,20.79,-1.05%,20.81,20.5,21.08,"50,96M",False
524,524,2018-03-08,20.82,0.14%,20.96,20.45,20.99,"36,16M",False
525,525,2018-03-09,21.48,3.17%,20.89,20.71,21.48,"45,56M",False
526,526,2018-03-12,21.42,-0.28%,21.62,21.33,21.67,"31,90M",False
527,527,2018-03-13,21.21,-0.98%,21.54,21.16,21.62,"34,58M",False
528,528,2018-03-14,20.9,1.22,20.82,20.62,20.95,"660,44M",False
529,529,2018-03-15,19.9,-4.78,20.59,19.9,20.71,"1,63B",False
530,530,2018-03-16,20.01,0.56,20.05,19.82,20.3,"1,16B",False
531,531,2018-03-19,19.54,-2.33,19.86,19.48,19.94,"825,59M",False
532,532,2018-03-20,19.76,1.1,19.78,19.71,19.99,"593,76M",False
533,533,2018-03-21,20.59,4.21,19.84,19.79,20.62,"1,07B",False
534,534,2018-03-22,20.28,-1.5,20.41,20.15,20.58,"1,01B",False
535,535,2018-03-23,20.31,0.14,20.18,20.1,20.64,"1,08B",False
536,536,2018-03-26,20.57,1.29,20.61,20.39,20.73,"613,07M",False
537,537,2018-03-27,20.02,-2.68,20.67,19.95,20.71,"880,48M",False
538,538,2018-03-28,19.79,-1.12,19.85,19.6,19.99,"758,62M",False
539,539,2018-03-29,19.99,0.99,19.85,19.82,20.13,"682,83M",False
540,540,2018-04-02,19.51,-2.38,19.94,19.39,20.04,"727,37M",False
541,541,2018-04-03,19.34,-0.91,19.71,19.29,19.78,"763,59M",False
542,542,2018-04-04,19.03,-1.59,18.96,18.78,19.23,"1,10B",False
543,543,2018-04-05,19.75,3.78,19.75,19.64,19.92,"1,75B",False
544,544,2018-04-06,19.87,0.61,19.59,19.45,19.87,"938,74M",False
545,545,2018-04-09,19.17,-3.52,20.01,19.17,20.02,"860,95M",False
546,546,2018-04-10,19.98,4.24,19.52,19.38,20.08,"1,15B",False
547,547,2018-04-11,20.35,1.87,19.93,19.92,20.45,"1,26B",False
548,548,2018-04-12,20.24,-0.55,20.34,20.24,20.48,"735,61M",False
549,549,2018-04-13,19.79,-2.21,20.2,19.66,20.3,"857,48M",False
550,550,2018-04-16,19.25,-2.74,19.65,19.23,19.83,"938,55M",False
551,551,2018-04-17,19.64,1.99,19.33,19.25,19.68,"712,01M",False
552,552,2018-04-18,20.35,3.66,19.93,19.9,20.42,"1,31B",False
553,553,2018-04-19,20.73,1.84,20.61,20.48,20.91,"1,29B",False
554,554,2018-04-20,20.88,0.72,20.6,20.45,20.97,"1,28B",False
555,555,2018-04-23,20.99,0.54,20.62,20.48,20.99,"765,47M",False
556,556,2018-04-24,20.91,-0.36,21.1,20.76,21.26,"973,56M",False
557,557,2018-04-25,20.29,-2.99,20.55,20.23,20.66,"1,38B",False
558,558,2018-04-26,21.13,4.14,20.54,20.51,21.13,"1,17B",False
559,559,2018-04-27,21.2,0.35,21.33,21.16,21.41,"800,68M",False
560,560,2018-04-30,21.45,1.14,21.22,21.13,21.49,"501,63M",False
561,561,2018-05-02,21.1,-1.61,21.17,21.02,21.41,"667,56M",False
562,562,2018-05-03,20.96,-0.66,21.05,20.51,21.14,"1,02B",False
563,563,2018-05-04,20.79,-0.8,20.96,20.79,21.14,"693,04M",False
564,564,2018-05-07,21.15,1.71,21.07,21.0,21.63,"1,02B",False
565,565,2018-05-08,21.39,1.15,21.53,21.03,21.61,"1,73B",False
566,566,2018-05-09,23.14,8.16,21.75,21.68,23.16,"2,64B",False
567,567,2018-05-10,24.04,3.91,23.47,23.27,24.73,"3,04B",False
568,568,2018-05-11,23.75,-1.2,24.12,23.73,24.56,"1,76B",False
569,569,2018-05-14,24.5,3.14,24.14,24.1,24.72,"1,62B",False
570,570,2018-05-15,25.01,2.1,24.6,24.17,25.12,"1,85B",False
571,571,2018-05-16,25.57,2.24,25.09,25.06,25.7,"1,64B",False
572,572,2018-05-17,24.23,-5.26,25.54,23.78,25.77,"2,79B",False
573,573,2018-05-18,23.95,-1.16,23.35,23.3,24.43,"1,98B",False
574,574,2018-05-21,23.39,-2.34,24.37,23.29,24.55,"1,80B",False
575,575,2018-05-22,23.12,-1.16,23.21,22.59,23.66,"2,02B",False
576,576,2018-05-23,21.77,-5.83,22.67,21.77,22.9,"1,65B",False
577,577,2018-05-24,18.79,-13.71,18.76,18.38,19.41,"4,48B",False
578,578,2018-05-25,18.52,-1.4,19.32,18.39,19.9,"2,48B",False
579,579,2018-05-28,15.82,-14.6,17.96,15.82,17.96,"2,23B",False
580,580,2018-05-29,18.06,14.13,16.84,16.47,18.19,"3,15B",False
581,581,2018-05-30,17.76,-1.66,17.2,16.96,18.68,"2,23B",False
582,582,2018-06-01,15.12,-14.86,18.3,13.94,18.48,"3,29B",False
583,583,2018-06-04,16.4,8.48,16.18,15.95,16.5,"1,51B",False
584,584,2018-06-05,15.52,-5.36,16.24,15.52,16.65,"1,07B",False
585,585,2018-06-06,15.28,-1.57,15.41,14.85,15.6,"1,05B",False
586,586,2018-06-07,14.74,-3.49,14.97,13.97,15.12,"1,72B",False
587,587,2018-06-08,14.27,-3.24,14.79,14.09,15.15,"1,32B",False
588,588,2018-06-11,14.42,1.05,14.5,14.15,14.78,"640,24M",False
589,589,2018-06-12,14.46,0.32,14.48,14.26,14.67,"1,00B",False
590,590,2018-06-13,14.19,-1.88,14.43,13.79,14.5,"1,01B",False
591,591,2018-06-14,14.13,-0.46,14.34,14.08,14.55,"812,39M",False
592,592,2018-06-15,14.01,-0.86,14.06,13.54,14.1,"1,03B",False
593,593,2018-06-18,13.57,-3.14,13.82,13.57,13.93,"642,91M",False
594,594,2018-06-19,14.43,6.35,13.34,13.26,14.71,"1,36B",False
595,595,2018-06-20,15.17,5.12,14.82,14.78,15.42,"1,33B",False
596,596,2018-06-21,14.13,-6.85,15.05,14.13,15.27,"985,57M",False
597,597,2018-06-22,14.14,0.07,14.42,14.04,14.67,"741,58M",False
598,598,2018-06-25,14.69,3.9,14.22,14.09,14.77,"864,35M",False
599,599,2018-06-26,15.01,2.17,14.88,14.53,15.08,"880,92M",False
600,600,2018-06-27,15.48,3.18,15.06,15.02,15.89,"1,20B",False
601,601,2018-06-28,15.53,0.3,15.64,15.28,15.97,"1,48B",False
602,602,2018-06-29,16.08,3.55,15.76,15.65,16.08,"1,20B",False
603,603,2018-07-02,16.34,1.63,15.89,15.81,16.35,"872,11M",False
604,604,2018-07-03,16.37,0.17,16.6,16.33,16.74,"936,25M",False
605,605,2018-07-04,17.26,5.43,16.26,16.13,17.26,"893,55M",False
606,606,2018-07-05,16.71,-3.2,17.4,16.51,17.59,"1,28B",False
607,607,2018-07-06,16.78,0.45,16.81,16.51,16.92,"562,29M",False
608,608,2018-07-10,16.61,-1.06,17.16,16.42,17.17,"1,18B",False
609,609,2018-07-11,16.29,-1.92,16.36,16.18,16.91,"1,41B",False
610,610,2018-07-12,16.79,3.1,16.48,16.39,16.86,"816,22M",False
611,611,2018-07-13,16.94,0.89,16.83,16.63,17.01,"755,68M",False
612,612,2018-07-16,16.73,-1.27,16.79,16.47,16.82,"1,04B",False
613,613,2018-07-17,17.11,2.29,16.64,16.57,17.21,"685,77M",False
614,614,2018-07-18,16.89,-1.31,17.07,16.78,17.21,"685,63M",False
615,615,2018-07-19,17.21,1.94,16.69,16.6,17.21,"999,90M",False
616,616,2018-07-20,18.05,4.84,17.93,17.71,18.22,"1,76B",False
617,617,2018-07-23,18.02,-0.16,18.06,17.97,18.22,"633,35M",False
618,618,2018-07-24,18.39,2.08,18.31,18.27,18.59,"731,91M",False
619,619,2018-07-25,18.67,1.53,18.52,18.35,18.71,"898,84M",False
620,620,2018-07-26,18.16,-2.75,18.66,18.12,18.66,"879,36M",False
621,621,2018-07-27,18.5,1.85,18.34,18.29,18.53,"668,99M",False
622,622,2018-07-30,18.61,0.61,18.66,18.43,18.8,"687,32M",False
623,623,2018-07-31,18.45,-0.86,18.36,18.22,18.51,"707,90M",False
624,624,2018-08-01,18.72,1.47,18.33,18.28,18.72,"715,71M",False
625,625,2018-08-02,19.09,2,18.7,18.66,19.44,"1,30B",False
626,626,2018-08-03,19.75,3.43,20.02,19.73,20.16,"1,72B",False
627,627,2018-08-06,19.68,-0.33,19.79,19.63,20.09,"879,34M",False
628,628,2018-08-07,19.37,-1.57,19.96,19.24,20.08,"1,35B",False
629,629,2018-08-08,18.84,-2.75,19.47,18.82,19.71,"1,11B",False
630,630,2018-08-09,19.03,0.99,18.95,18.52,19.04,"958,60M",True
631,631,2018-08-10,18.33,-3.69,18.8,18.11,18.85,"1,13B",False
632,632,2018-08-13,18.75,2.3,18.24,18.03,18.75,"1,07B",False
633,633,2018-08-14,18.74,-0.05,19.02,18.5,19.05,"1,03B",False
634,634,2018-08-15,17.87,-4.65,18.42,17.87,18.45,"1,18B",False
635,635,2018-08-16,17.77,-0.53,18.12,17.6,18.15,"910,67M",False
636,636,2018-08-17,17.31,-2.58,17.59,17.26,17.69,"1,18B",False
637,637,2018-08-20,17.22,-0.54,17.23,16.97,17.36,"959,59M",False
638,638,2018-08-21,16.62,-3.49,17.14,16.55,17.38,"1,16B",False
639,639,2018-08-22,17.21,3.56,16.6,16.55,17.24,"956,42M",False
640,640,2018-08-23,16.84,-2.18,17.21,16.77,17.37,"954,85M",False
641,641,2018-08-24,17.16,1.95,17.21,16.93,17.29,"645,47M",False
642,642,2018-08-27,17.55,2.24,17.27,17.16,17.59,"614,08M",False
643,643,2018-08-28,17.21,-1.92,17.59,17.2,17.68,"656,43M",False
644,644,2018-08-29,18.1,5.18,17.35,17.3,18.11,"1,27B",False
645,645,2018-08-30,17.63,-2.59,17.96,17.52,18.33,"1,13B",False
646,646,2018-08-31,18.06,2.45,17.77,17.74,18.22,"1,36B",False
647,647,2018-09-03,17.82,-1.35,17.81,17.59,17.94,"448,46M",False
648,648,2018-09-04,17.49,-1.84,17.94,17.46,18.0,"699,10M",False
649,649,2018-09-05,17.49,0,17.41,17.1,17.63,"933,35M",False
650,650,2018-09-06,17.81,1.82,17.81,17.33,17.84,"904,25M",True
651,651,2018-09-10,18.06,1.42,18.16,17.87,18.38,"1,05B",False
652,652,2018-09-11,17.35,-3.95,17.7,17.29,17.72,"979,57M",False
653,653,2018-09-12,17.77,2.43,17.64,17.48,18.03,"1,06B",False
654,654,2018-09-13,17.55,-1.27,17.85,17.46,17.94,"643,67M",False
655,655,2018-09-14,17.62,0.43,17.63,17.33,17.78,"976,74M",False
656,656,2018-09-17,18.19,3.25,17.47,17.47,18.28,"1,28B",False
657,657,2018-09-18,18.99,4.38,18.29,18.26,18.99,"1,36B",False
658,658,2018-09-19,18.74,-1.33,18.69,18.6,19.19,"1,14B",False
659,659,2018-09-20,18.64,-0.55,19.0,18.52,19.09,"1,05B",False
660,660,2018-09-21,18.89,1.36,18.9,18.71,19.04,"1,10B",False
661,661,2018-09-24,18.76,-0.7,18.95,18.68,19.14,"1,02B",False
662,662,2018-09-25,18.83,0.4,18.48,18.32,18.9,"1,01B",False
663,663,2018-09-26,18.94,0.55,18.98,18.73,19.04,"1,13B",False
664,664,2018-09-27,20.13,6.29,19.23,19.2,20.13,"2,04B",False
665,665,2018-09-28,19.78,-1.72,19.82,19.71,20.58,"1,83B",False
666,666,2018-10-01,19.7,-0.43,19.93,19.51,20.03,"1,11B",False
667,667,2018-10-02,21.4,8.67,20.63,20.54,21.4,"2,66B",False
668,668,2018-10-03,22.31,4.25,23.68,22.0,23.84,"3,42B",False
669,669,2018-10-04,22.53,0.97,21.99,21.77,23.0,"2,22B",False
670,670,2018-10-05,22.47,-0.25,22.97,22.19,23.06,"2,36B",False
671,671,2018-10-08,24.95,11.02,25.27,24.15,25.29,"4,64B",False
672,672,2018-10-09,25.15,0.83,24.84,24.65,25.32,"2,25B",False
673,673,2018-10-10,24.43,-2.87,24.68,24.06,24.75,"2,00B",False
674,674,2018-10-11,23.72,-2.92,24.9,23.5,25.09,"2,88B",False
675,675,2018-10-15,24.17,1.9,24.29,23.96,24.5,"2,23B",False
676,676,2018-10-16,25.07,3.73,24.57,24.47,25.07,"1,83B",False
677,677,2018-10-17,24.81,-1.05,24.8,24.63,24.98,"2,00B",False
678,678,2018-10-18,24.1,-2.83,24.66,24.1,24.7,"1,36B",False
679,679,2018-10-19,24.31,0.86,24.53,24.12,24.67,"1,51B",False
680,680,2018-10-22,24.88,2.35,24.64,24.64,24.95,"1,57B",False
681,681,2018-10-23,24.57,-1.24,24.53,24.21,24.84,"1,89B",False
682,682,2018-10-24,24.08,-1.98,24.77,24.08,25.31,"2,30B",False
683,683,2018-10-25,24.69,2.49,24.55,24.09,24.99,"1,95B",False
684,684,2018-10-26,25.89,4.86,24.99,24.5,25.89,"2,72B",False
685,685,2018-10-29,24.78,-4.28,26.95,24.36,26.95,"4,09B",False
686,686,2018-10-30,26.26,5.98,25.04,24.78,26.26,"2,72B",False
687,687,2018-10-31,25.9,-1.36,26.5,25.6,26.57,"2,17B",False
688,688,2018-11-01,25.62,-1.09,26.04,25.43,26.28,"2,51B",False
689,689,2018-11-05,26.41,3.07,25.79,25.71,26.41,"1,57B",False
690,690,2018-11-06,25.5,-3.44,25.6,25.31,26.54,"2,46B",False
691,691,2018-11-07,24.67,-3.27,25.89,24.63,25.93,"2,41B",False
692,692,2018-11-08,23.78,-3.61,25.14,23.78,25.35,"2,91B",False
693,693,2018-11-09,23.88,0.43,23.63,23.15,24.12,"2,22B",False
694,694,2018-11-12,23.76,-0.51,23.95,23.72,24.31,"1,52B",False
695,695,2018-11-13,22.73,-4.3,23.75,22.46,23.75,"2,60B",False
696,696,2018-11-14,23.54,3.55,22.73,22.42,23.63,"2,41B",False
697,697,2018-11-16,24.2,2.79,23.81,23.61,24.42,"2,42B",False
698,698,2018-11-19,24.38,0.78,23.97,23.85,24.66,"1,94B",False
699,699,2018-11-21,23.61,-3.19,23.61,23.46,23.9,"1,82B",False
700,700,2018-11-22,23.68,0.32,23.8,23.61,23.88,"741,44M",False
701,701,2018-11-23,22.95,-3.1,23.21,22.61,23.35,"1,78B",False
702,702,2018-11-26,22.83,-0.49,23.35,22.65,23.53,"1,44B",False
703,703,2018-11-27,24.04,5.28,22.95,22.85,24.2,"2,13B",False
704,704,2018-11-28,23.9,-0.59,24.01,23.59,24.36,"2,23B",False
705,705,2018-11-29,23.7,-0.83,23.5,23.43,24.01,"1,56B",False
706,706,2018-11-30,23.97,1.15,23.64,23.61,24.07,"2,17B",False
707,707,2018-12-03,24.43,1.89,24.76,24.29,24.98,"2,24B",False
708,708,2018-12-04,23.86,-2.31,24.72,23.86,24.79,"1,62B",False
709,709,2018-12-05,24.07,0.87,23.98,23.49,24.22,"1,30B",False
710,710,2018-12-06,23.15,-3.79,23.53,22.89,23.65,"2,30B",False
711,711,2018-12-07,23.32,0.73,23.09,23.02,23.98,"2,08B",False
712,712,2018-12-10,22.07,-5.37,23.32,22.07,23.45,"1,66B",False
713,713,2018-12-11,21.93,-0.64,22.52,21.72,22.66,"1,42B",False
714,714,2018-12-12,21.94,0.04,22.35,21.85,22.5,"1,40B",False
715,715,2018-12-13,22.0,0.26,21.93,21.62,22.08,"1,36B",False
716,716,2018-12-14,21.7,-1.33,21.73,21.62,21.97,"985,22M",False
717,717,2018-12-17,21.53,-0.78,21.86,21.47,21.91,"1,17B",False
718,718,2018-12-18,20.72,-3.8,21.45,20.72,21.47,"1,58B",False
719,719,2018-12-19,20.95,1.14,21.19,20.77,21.7,"3,62B",False
720,720,2018-12-20,20.24,-3.42,21.01,20.1,21.02,"2,90B",False
721,721,2018-12-21,20.29,0.28,20.15,20.01,20.7,"1,84B",False
722,722,2018-12-26,21.1,3.98,20.04,19.87,21.1,"1,58B",False
723,723,2018-12-27,21.09,-0.05,20.94,20.71,21.39,"1,56B",False
724,724,2018-12-28,22.07,4.66,21.52,21.49,22.22,"1,34B",False
725,725,2019-01-02,23.42,6.08,21.95,21.68,23.55,"2,40B",False
726,726,2019-01-03,23.99,2.45,23.32,23.16,24.16,"2,26B",False
727,727,2019-01-04,24.06,0.28,24.18,23.82,24.27,"1,73B",False
728,728,2019-01-07,24.44,1.58,24.18,24.04,25.23,"2,99B",False
729,729,2019-01-08,24.29,-0.6,24.72,24.11,24.74,"1,68B",False
730,730,2019-01-09,24.8,2.08,24.62,24.48,24.82,"1,73B",False
731,731,2019-01-10,24.58,-0.86,24.58,24.4,24.73,"1,35B",False
732,732,2019-01-11,24.32,-1.07,24.48,24.18,24.52,"1,31B",False
733,733,2019-01-14,24.18,-0.56,24.16,24.0,24.42,"1,13B",False
734,734,2019-01-15,24.17,-0.08,24.17,24.04,24.45,"1,30B",False
735,735,2019-01-16,24.16,-0.04,24.14,24.0,24.23,"975,34M",False
736,736,2019-01-17,24.49,1.37,24.09,24.02,24.62,"1,23B",False
737,737,2019-01-18,24.72,0.95,24.76,24.6,24.88,"1,66B",False
738,738,2019-01-21,24.85,0.51,24.63,24.43,24.85,"1,12B",False
739,739,2019-01-22,24.46,-1.57,24.58,24.35,24.82,"1,51B",False
740,740,2019-01-23,24.75,1.19,24.65,24.49,24.86,"1,31B",False
741,741,2019-01-24,24.86,0.43,24.72,24.64,24.86,"993,18M",False
742,742,2019-01-28,24.11,-3.02,24.61,24.08,24.85,"1,59B",False
743,743,2019-01-29,24.69,2.42,24.57,24.44,24.88,"1,47B",False
744,744,2019-01-30,24.93,0.99,25.12,24.79,25.24,"1,57B",False
745,745,2019-01-31,24.9,-0.16,25.18,24.88,25.27,"1,59B",False
746,746,2019-02-01,25.11,0.86,24.82,24.69,25.16,"1,20B",False
747,747,2019-02-04,25.33,0.89,25.15,24.91,25.42,"1,35B",False
748,748,2019-02-05,25.35,0.08,25.22,25.12,25.4,"1,04B",False
749,749,2019-02-06,24.81,-2.15,25.11,24.64,25.15,"1,61B",False
750,750,2019-02-07,24.42,-1.57,24.91,24.0,25.16,"1,37B",False
751,751,2019-02-08,24.46,0.16,24.14,24.07,24.6,"978,45M",False
752,752,2019-02-11,24.18,-1.15,24.5,23.88,24.5,"957,96M",False
753,753,2019-02-12,25.03,3.54,24.64,24.55,25.16,"1,81B",False
754,754,2019-02-13,25.35,1.28,25.32,25.16,25.51,"1,75B",False
755,755,2019-02-14,26.23,3.45,25.47,25.3,26.23,"2,09B",False
756,756,2019-02-15,26.12,-0.41,26.14,26.0,26.3,"1,67B",False
757,757,2019-02-18,26.04,-0.3,26.04,25.7,26.07,"1,05B",False
758,758,2019-02-19,26.65,2.32,26.65,26.12,26.67,"1,54B",False
759,759,2019-02-20,26.32,-1.24,26.76,26.15,26.92,"1,46B",False
760,760,2019-02-21,26.67,1.33,26.67,26.1,26.75,"1,23B",False
761,761,2019-02-22,26.4,-0.99,26.4,26.4,26.96,"974,93M",False
762,762,2019-02-25,25.99,-1.58,25.99,25.92,26.31,"1,41B",False
763,763,2019-02-26,25.87,-0.45,25.87,25.86,26.41,"1,21B",False
764,764,2019-02-27,26.36,1.88,26.36,25.92,26.52,"1,29B",True
765,765,2019-02-28,26.34,-0.07,26.34,25.89,27.01,"2,45B",False
766,766,2019-03-01,25.99,-1.33,25.99,25.92,26.52,"1,10B",False
767,767,2019-03-06,26.04,0.22,26.04,25.76,26.04,"477,37M",False
768,768,2019-03-07,26.05,0.04,26.05,25.78,26.19,"854,02M",False
769,769,2019-03-08,25.96,-0.37,25.96,25.52,26.03,"1,28B",False
770,770,2019-03-11,26.97,3.9,27.01,26.29,27.05,"1,79B",False
771,771,2019-03-12,26.75,-0.79,26.76,26.52,27.21,"1,73B",False
772,772,2019-03-13,27.25,1.86,26.85,26.78,27.38,"1,65B",False
773,773,2019-03-14,27.37,0.43,27.44,27.16,27.45,"1,17B",False
774,774,2019-03-15,27.46,0.36,27.49,27.36,27.63,"1,68B",False
775,775,2019-03-18,28.02,2.02,27.97,27.5,28.02,"2,55B",False
776,776,2019-03-19,28.42,1.42,28.42,27.83,28.71,"1,95B",False
777,777,2019-03-20,28.19,-0.79,28.42,28.13,28.81,"1,94B",False
778,778,2019-03-21,27.8,-1.42,27.8,27.17,28.19,"2,22B",False
779,779,2019-03-22,26.28,-5.46,26.28,26.28,27.39,"2,78B",False
780,780,2019-03-25,26.61,1.26,26.61,26.1,26.85,"2,76B",True
781,781,2019-03-26,27.86,4.72,27.86,26.98,27.91,"2,45B",False
782,782,2019-03-27,26.61,-4.51,27.46,26.61,27.46,"1,75B",False
783,783,2019-03-28,27.31,2.63,27.31,26.23,27.31,"1,86B",False
784,784,2019-03-29,27.31,0,27.31,27.0,27.77,"1,41B",False
785,785,2019-04-01,27.25,-0.21,27.64,27.12,27.66,"1,15B",False
786,786,2019-04-02,27.53,1.04,27.39,27.11,27.54,"1,03B",False
787,787,2019-04-03,26.8,-2.65,27.77,26.8,27.8,"1,50B",False
788,788,2019-04-04,27.71,3.38,27.71,26.64,27.71,"1,42B",False
789,789,2019-04-05,28.01,1.09,28.01,27.46,28.12,"1,52B",False
790,790,2019-04-08,28.47,1.63,28.47,28.2,28.6,"1,54B",False
791,791,2019-04-09,28.38,-0.31,28.25,27.9,28.46,"1,23B",False
792,792,2019-04-10,28.01,-1.3,28.01,28.01,28.78,"1,74B",False
793,793,2019-04-11,27.25,-2.71,27.93,27.12,27.93,"1,54B",False
794,794,2019-04-12,25.14,-7.75,25.76,24.89,26.25,"5,77B",False
795,795,2019-04-15,25.24,0.39,25.64,24.87,25.87,"3,00B",False
796,796,2019-04-16,26.0,3.05,25.26,24.94,26.34,"2,45B",False
797,797,2019-04-17,26.03,0.11,26.03,25.52,26.61,"2,70B",False
798,798,2019-04-18,26.86,3.18,26.86,26.52,27.14,"2,68B",False
799,799,2019-04-22,26.71,-0.58,26.71,26.59,27.14,"1,20B",False
800,800,2019-04-23,26.94,0.88,26.94,26.94,27.25,"1,40B",False
801,801,2019-04-24,26.86,-0.29,26.86,26.48,27.14,"1,54B",False
802,802,2019-04-25,27.08,0.8,26.72,26.7,27.32,"1,38B",False
803,803,2019-04-26,26.52,-2.05,26.94,26.34,27.03,"1,40B",False
804,804,2019-04-29,26.64,0.44,26.64,26.34,27.03,"736,15M",False
805,805,2019-04-30,26.38,-0.95,26.38,26.26,26.92,"1,03B",False
806,806,2019-05-02,26.01,-1.4,26.01,25.81,26.1,"976,62M",False
807,807,2019-05-03,26.13,0.45,26.13,26.13,26.35,"846,14M",False
808,808,2019-05-06,26.05,-0.3,26.05,25.65,26.05,"816,52M",False
809,809,2019-05-07,25.64,-1.57,25.94,25.42,25.94,"1,35B",False
810,810,2019-05-08,26.64,3.87,26.64,25.59,26.73,"1,89B",True
811,811,2019-05-09,26.11,-1.97,26.11,25.93,26.39,"1,21B",False
812,812,2019-05-10,25.97,-0.56,25.97,25.71,26.2,"861,07M",False
813,813,2019-05-13,25.21,-2.92,25.21,25.13,25.76,"1,09B",False
814,814,2019-05-14,25.3,0.39,25.3,25.16,25.53,"883,99M",False
815,815,2019-05-15,25.19,-0.46,25.19,24.97,25.2,"920,73M",False
816,816,2019-05-16,24.59,-2.36,24.59,24.56,25.34,"1,15B",False
817,817,2019-05-17,24.02,-2.34,24.02,23.82,24.74,"1,63B",False
818,818,2019-05-20,24.84,3.4,24.84,23.98,24.84,"1,28B",True
819,819,2019-05-21,25.78,3.8,25.78,24.74,25.78,"1,46B",False
820,820,2019-05-22,25.66,-0.45,25.66,25.34,25.84,"1,24B",False
821,821,2019-05-23,25.22,-1.71,25.22,24.91,25.3,"1,24B",False
822,822,2019-05-24,25.47,0.97,25.47,25.31,25.73,"912,23M",False
823,823,2019-05-27,25.62,0.57,25.62,25.55,25.91,"868,42M",False
824,824,2019-05-28,26.16,2.13,26.16,25.51,26.16,"1,45B",False
825,825,2019-05-29,25.87,-1.12,25.87,25.63,26.07,"1,11B",False
826,826,2019-05-30,25.53,-1.32,25.53,25.37,26.22,"1,84B",False
827,827,2019-05-31,24.94,-2.29,24.94,24.81,25.64,"1,59B",False
828,828,2019-06-03,25.37,1.72,25.37,25.23,25.69,"1,36B",False
829,829,2019-06-04,25.58,0.81,25.58,25.41,25.74,"946,47M",False
830,830,2019-06-05,25.24,-1.3,25.24,24.96,25.66,"1,64B",False
831,831,2019-06-06,25.65,1.62,25.65,25.11,26.0,"2,21B",False
832,832,2019-06-07,26.12,1.83,26.12,25.74,26.19,"1,35B",False
833,833,2019-06-10,26.02,-0.41,25.97,25.89,26.25,"1,03B",False
834,834,2019-06-11,26.51,1.91,26.51,26.07,26.64,"1,37B",False
835,835,2019-06-12,26.21,-1.14,26.21,26.01,26.47,"1,14B",False
836,836,2019-06-13,26.53,1.23,26.53,26.44,26.74,"1,29B",False
837,837,2019-06-14,26.42,-0.44,26.42,26.26,26.74,"1,13B",False
838,838,2019-06-17,26.46,0.18,26.46,26.32,26.78,"1,30B",False
839,839,2019-06-18,26.8,1.25,26.8,26.6,26.86,"834,81M",False
840,840,2019-06-19,26.86,0.25,26.7,26.57,26.87,"876,61M",False
841,841,2019-06-21,27.61,2.76,27.61,27.28,27.71,"1,59B",False
842,842,2019-06-24,27.58,-0.11,27.58,27.45,27.7,"698,21M",False
843,843,2019-06-25,26.85,-2.62,26.85,26.73,27.48,"1,52B",False
844,844,2019-06-26,27.01,0.58,27.01,26.86,27.26,"1,32B",False
845,845,2019-06-27,26.58,-1.59,26.58,26.37,26.89,"1,46B",False
846,846,2019-06-28,26.76,0.66,26.76,26.46,26.95,"1,06B",False
847,847,2019-07-01,26.61,-0.55,26.61,26.56,27.36,"1,25B",False
848,848,2019-07-02,26.18,-1.61,26.18,26.08,26.61,"1,51B",False
849,849,2019-07-03,26.48,1.16,26.48,26.25,26.55,"893,69M",False
850,850,2019-07-04,26.74,0.96,26.74,26.67,26.92,"760,64M",False
851,851,2019-07-05,26.75,0.04,26.75,26.48,26.93,"730,77M",False
852,852,2019-07-08,26.99,0.91,26.99,26.79,27.06,"673,71M",False
853,853,2019-07-10,27.4,1.52,27.33,27.3,27.6,"1,39B",False
854,854,2019-07-11,27.72,1.18,27.72,27.49,27.83,"1,32B",False
855,855,2019-07-12,27.85,0.46,27.85,27.73,28.06,"1,13B",False
856,856,2019-07-15,27.51,-1.23,27.51,27.51,27.97,"1,01B",False
857,857,2019-07-16,27.17,-1.24,27.61,26.94,27.66,"1,49B",False
858,858,2019-07-17,27.05,-0.43,27.32,26.98,27.33,"722,96M",False
859,859,2019-07-18,26.85,-0.72,26.85,26.78,27.15,"954,26M",False
860,860,2019-07-19,26.79,-0.25,26.79,26.72,26.94,"755,75M",False
861,861,2019-07-22,26.84,0.18,26.84,26.71,27.09,"594,10M",False
862,862,2019-07-23,26.86,0.11,26.86,26.75,26.97,"557,08M",False
863,863,2019-07-24,26.7,-0.62,26.7,26.65,26.98,"745,77M",False
864,864,2019-07-25,26.25,-1.68,26.25,26.17,26.85,"705,07M",False
865,865,2019-07-26,25.52,-2.79,25.52,25.48,26.16,"1,80B",False
866,866,2019-07-29,25.75,0.92,25.75,25.34,25.81,"659,38M",True
867,867,2019-07-30,25.62,-0.53,25.62,25.57,25.86,"969,07M",False
868,868,2019-07-31,25.46,-0.61,25.46,25.4,25.87,"1,01B",False
869,869,2019-08-01,24.99,-1.84,24.99,24.62,25.93,"2,31B",False
870,870,2019-08-02,25.89,3.59,25.89,25.65,26.25,"1,60B",False
871,871,2019-08-05,24.94,-3.66,24.94,24.91,25.51,"1,20B",False
872,872,2019-08-06,25.26,1.29,25.26,25.07,25.6,"1,11B",False
873,873,2019-08-07,24.99,-1.08,24.99,24.4,25.12,"1,59B",False
874,874,2019-08-08,25.7,2.85,25.48,25.24,25.72,"1,19B",False
875,875,2019-08-09,25.65,-0.19,25.67,25.48,26.05,"936,94M",False
876,876,2019-08-12,25.04,-2.4,25.04,24.93,25.3,"896,04M",False
877,877,2019-08-13,25.35,1.22,24.92,24.8,25.68,"1,15B",False
878,878,2019-08-14,24.49,-3.37,24.82,24.35,24.94,"1,33B",False
879,879,2019-08-15,23.81,-2.77,23.81,23.72,24.57,"1,28B",False
880,880,2019-08-16,23.5,-1.32,23.5,23.48,24.34,"1,31B",False
881,881,2019-08-19,23.62,0.5,23.62,23.44,24.08,"1,20B",False
882,882,2019-08-20,23.61,-0.04,23.61,23.27,23.77,"744,35M",False
883,883,2019-08-21,25.01,5.95,25.01,23.76,25.54,"2,15B",False
884,884,2019-08-22,24.79,-0.9,24.79,24.73,25.28,"1,01B",False
885,885,2019-08-23,23.86,-3.73,23.86,23.81,24.93,"1,36B",False
886,886,2019-08-26,23.55,-1.32,23.55,23.36,24.25,"836,35M",False
887,887,2019-08-27,23.92,1.59,23.92,23.4,24.39,"1,68B",False
888,888,2019-08-28,24.17,1.03,24.17,23.7,24.27,"968,25M",False
889,889,2019-08-29,25.06,3.7,25.06,24.25,25.06,"1,49B",False
890,890,2019-08-30,25.06,0,25.06,24.25,25.06,"1,36B",False
891,891,2019-09-02,24.86,-0.78,24.86,24.81,25.14,"471,29M",False
892,892,2019-09-03,25.16,1.19,25.16,24.6,25.22,"1,18B",False
893,893,2019-09-04,25.81,2.58,25.71,25.55,25.92,"1,44B",False
894,894,2019-09-05,25.94,0.5,25.94,25.89,26.33,"1,26B",False
895,895,2019-09-06,26.06,0.49,26.06,25.75,26.4,"1,25B",False
896,896,2019-09-09,26.47,1.55,26.47,26.24,26.55,"976,45M",False
897,897,2019-09-10,26.63,0.63,26.63,26.32,26.88,"1,17B",False
898,898,2019-09-11,26.41,-0.85,26.41,26.37,26.88,"1,36B",False
899,899,2019-09-12,26.59,0.71,26.4,26.18,26.67,"1,08B",False
900,900,2019-09-13,26.42,-0.67,26.42,26.36,26.73,"650,45M",False
901,901,2019-09-16,27.58,4.39,27.64,27.21,27.75,"4,59B",False
902,902,2019-09-17,27.21,-1.32,27.21,26.69,27.27,"1,82B",False
903,903,2019-09-18,26.75,-1.7,26.75,26.75,27.02,"1,08B",False
904,904,2019-09-19,26.82,0.26,26.82,26.75,27.37,"1,14B",False
905,905,2019-09-20,26.53,-1.06,26.53,26.53,26.96,"1,38B",False
906,906,2019-09-23,27.01,1.78,27.01,26.46,27.02,"872,66M",False
907,907,2019-09-24,26.8,-0.76,26.8,26.68,27.07,"979,60M",False
908,908,2019-09-25,26.87,0.26,26.87,26.32,26.88,"770,22M",False
909,909,2019-09-26,27.22,1.32,27.22,26.76,27.22,"903,85M",False
910,910,2019-09-27,27.18,-0.14,27.18,27.05,27.47,"867,21M",False
911,911,2019-09-30,27.08,-0.4,27.08,26.93,27.16,"621,86M",False
912,912,2019-10-01,27.04,-0.15,27.04,26.89,27.25,"871,45M",False
913,913,2019-10-02,26.26,-2.87,26.26,26.15,26.79,"1,34B",False
914,914,2019-10-03,26.28,0.08,26.28,25.83,26.35,"1,20B",True
915,915,2019-10-04,26.05,-0.86,26.39,25.82,26.46,"1,24B",False
916,916,2019-10-07,25.72,-1.28,25.92,25.65,26.14,"674,39M",False
917,917,2019-10-08,25.57,-0.57,25.72,25.5,25.98,"774,97M",False
918,918,2019-10-09,26.06,1.92,25.9,25.7,26.25,"906,25M",False
919,919,2019-10-10,26.28,0.83,26.13,26.08,26.42,"806,11M",False
920,920,2019-10-11,26.79,1.94,26.47,26.47,26.89,"983,96M",False
921,921,2019-10-14,26.84,0.18,26.57,26.48,26.86,"551,59M",False
922,922,2019-10-15,27.12,1.06,26.84,26.84,27.4,"818,70M",False
923,923,2019-10-16,27.45,1.2,27.08,26.89,27.49,"852,94M",False
924,924,2019-10-17,27.18,-0.97,27.45,27.11,27.52,"847,09M",False
925,925,2019-10-18,27.12,-0.22,27.41,27.12,27.51,"975,92M",False
926,926,2019-10-21,27.29,0.62,27.27,27.12,27.33,"1,18B",False
927,927,2019-10-22,28.08,2.88,27.32,27.29,28.19,"1,78B",False
928,928,2019-10-23,28.45,1.33,28.04,27.96,28.58,"1,30B",False
929,929,2019-10-24,27.83,-2.18,28.65,27.74,28.75,"1,69B",False
930,930,2019-10-25,28.75,3.28,28.7,28.51,29.04,"2,14B",False
931,931,2019-10-28,29.09,1.2,28.72,28.62,29.15,"1,08B",False
932,932,2019-10-29,29.31,0.74,28.89,28.76,29.42,"1,45B",False
933,933,2019-10-30,29.56,0.87,29.26,28.96,29.57,"1,84B",False
934,934,2019-10-31,29.87,1.03,29.35,29.13,29.94,"1,97B",False
935,935,2019-11-01,29.91,0.13,30.06,29.33,30.69,"3,05B",False
936,936,2019-11-04,29.84,-0.23,30.36,29.44,30.68,"2,42B",False
937,937,2019-11-05,29.14,-2.34,29.89,29.07,30.07,"2,73B",False
938,938,2019-11-06,29.2,0.2,29.53,27.62,30.17,"4,47B",False
939,939,2019-11-07,30.37,4.01,29.48,29.03,30.53,"2,89B",False
940,940,2019-11-08,29.5,-2.85,29.93,29.41,30.26,"1,83B",False
941,941,2019-11-11,29.93,1.43,29.34,29.28,29.93,"909,09M",False
942,942,2019-11-12,29.67,-0.86,29.69,29.66,30.25,"1,25B",False
943,943,2019-11-13,29.55,-0.4,29.6,29.26,29.78,"1,23B",False
944,944,2019-11-14,28.96,-2.01,29.53,28.93,29.75,"1,31B",False
945,945,2019-11-18,28.74,-0.75,29.35,28.73,29.5,"1,58B",False
946,946,2019-11-19,28.44,-1.03,28.91,28.39,29.15,"966,29M",False
947,947,2019-11-21,29.5,3.72,28.59,28.54,29.5,"1,54B",False
948,948,2019-11-22,29.63,0.44,29.41,29.21,29.99,"1,03B",False
949,949,2019-11-25,29.38,-0.83,29.57,29.28,29.75,"880,80M",False
950,950,2019-11-26,28.85,-1.82,29.27,28.76,29.38,"1,57B",False
951,951,2019-11-27,28.99,0.48,29.01,28.8,29.3,"960,81M",False
952,952,2019-11-28,29.18,0.68,28.98,28.47,29.19,"1,34B",False
953,953,2019-11-29,28.81,-1.29,29.15,28.67,29.21,"1,09B",False
954,954,2019-12-02,28.73,-0.27,29.06,28.73,29.15,"905,33M",False
955,955,2019-12-03,28.64,-0.31,28.83,28.39,28.85,"834,99M",False
956,956,2019-12-04,29.31,2.35,28.92,28.77,29.31,"1,31B",False
957,957,2019-12-05,29.7,1.31,29.29,29.17,30.03,"1,50B",False
958,958,2019-12-06,29.99,1,29.8,29.78,30.23,"1,33B",False
959,959,2019-12-09,29.86,-0.46,29.95,29.77,30.12,"1,04B",False
960,960,2019-12-10,30.08,0.76,29.75,29.55,30.08,"823,19M",False
961,961,2019-12-11,30.04,-0.13,30.15,29.91,30.35,"1,16B",False
962,962,2019-12-12,30.61,1.88,30.28,30.12,30.69,"1,45B",False
963,963,2019-12-13,29.63,-3.2,30.53,29.52,30.61,"3,14B",False
964,964,2019-12-16,29.07,-1.9,29.7,29.07,29.82,"2,03B",False
965,965,2019-12-17,29.5,1.5,29.29,29.09,29.55,"1,19B",False
966,966,2019-12-18,30.18,2.31,29.4,29.35,30.21,"1,92B",False
967,967,2019-12-19,30.25,0.23,30.09,30.06,30.39,"1,20B",False
968,968,2019-12-20,29.91,-1.14,30.24,29.67,30.24,"2,78B",False
969,969,2019-12-23,30.14,0.79,29.84,29.68,30.14,"657,83M",False
970,970,2019-12-26,30.55,1.34,30.23,30.14,30.57,"754,98M",False
971,971,2019-12-27,30.52,-0.09,30.69,30.29,30.92,"762,62M",False
972,972,2019-12-30,30.18,-1.11,30.55,30.15,30.71,"670,52M",False
973,973,2020-01-02,30.7,1.72,30.51,30.31,30.7,"1,15B",False
974,974,2020-01-03,30.45,-0.81,30.88,30.45,31.24,"2,20B",False
975,975,2020-01-06,30.81,1.18,30.43,29.95,30.94,"2,51B",False
976,976,2020-01-07,30.69,-0.39,30.82,30.47,30.88,"1,01B",False
977,977,2020-01-08,30.5,-0.62,30.69,30.24,30.77,"1,47B",False
978,978,2020-01-09,30.4,-0.33,30.47,30.25,30.62,"1,10B",False
979,979,2020-01-10,30.27,-0.43,30.39,30.13,30.44,"769,81M",False
980,980,2020-01-13,30.33,0.2,30.35,30.21,30.43,"930,39M",False
981,981,2020-01-14,30.0,-1.09,30.23,29.77,30.27,"1,19B",False
982,982,2020-01-15,29.55,-1.5,29.9,29.54,29.93,"1,02B",False
983,983,2020-01-16,29.52,-0.1,29.6,29.33,29.7,"854,98M",False
984,984,2020-01-17,29.85,1.12,29.72,29.54,29.85,"1,04B",False
985,985,2020-01-20,30.0,0.5,29.7,29.65,30.1,"936,42M",False
986,986,2020-01-21,29.62,-1.27,29.8,29.55,29.94,"848,04M",False
987,987,2020-01-22,29.29,-1.11,29.73,29.27,29.81,"956,91M",False
988,988,2020-01-23,29.6,1.06,29.09,28.82,29.76,"1,58B",False
989,989,2020-01-24,29.3,-1.01,29.56,29.14,29.78,"1,08B",False
990,990,2020-01-27,28.03,-4.33,28.63,27.67,28.64,"1,86B",False
991,991,2020-01-28,28.8,2.75,28.43,28.42,29.14,"1,36B",False
992,992,2020-01-29,28.85,0.17,29.0,28.67,29.08,"1,22B",False
993,993,2020-01-30,28.94,0.31,28.28,28.18,29.04,"1,26B",False
994,994,2020-01-31,28.45,-1.69,28.63,28.31,28.84,"1,58B",False
995,995,2020-02-03,28.18,-0.95,28.52,28.16,28.73,"1,12B",False
996,996,2020-02-04,28.63,1.6,28.65,28.56,29.04,"1,66B",False
997,997,2020-02-05,28.39,-0.84,29.05,28.39,29.22,"1,95B",False
998,998,2020-02-06,29.18,2.78,28.7,28.12,29.51,"3,66B",False
999,999,2020-02-07,28.93,-0.86,29.0,28.73,29.35,"1,59B",False
1000,1000,2020-02-10,29.13,0.69,28.89,28.64,29.13,"1,31B",False
1001,1001,2020-02-11,29.48,1.2,29.4,29.26,29.63,"1,11B",False
1002,1002,2020-02-12,30.13,2.2,29.64,29.63,30.28,"1,95B",False
1003,1003,2020-02-13,29.72,-1.36,29.77,29.64,30.21,"1,65B",False
1004,1004,2020-02-14,29.42,-1.01,29.86,29.34,29.96,"900,77M",False
1005,1005,2020-02-17,29.36,-0.2,29.63,29.31,29.77,"1,14B",False
1006,1006,2020-02-18,29.75,1.33,29.06,28.95,29.77,"995,60M",False
1007,1007,2020-02-19,30.55,2.69,29.87,29.76,30.55,"1,33B",False
1008,1008,2020-02-20,29.92,-2.06,30.8,29.75,30.89,"2,22B",False
1009,1009,2020-02-21,29.14,-2.61,29.51,29.03,29.68,"1,40B",False
1010,1010,2020-02-26,26.21,-10.05,27.04,26.03,27.39,"2,38B",False
1011,1011,2020-02-27,25.3,-3.47,25.72,24.89,26.53,"2,57B",False
1012,1012,2020-02-28,25.34,0.16,25.16,24.62,25.56,"2,23B",False
1013,1013,2020-03-02,26.53,4.7,25.5,25.48,26.75,"1,88B",False
1014,1014,2020-03-03,26.05,-1.81,26.57,25.76,27.48,"2,31B",False
1015,1015,2020-03-04,26.89,3.22,26.91,26.24,26.94,"1,13B",False
1016,1016,2020-03-05,25.29,-5.95,26.33,24.71,26.67,"1,80B",False
1017,1017,2020-03-06,22.83,-9.73,24.1,22.55,24.13,"3,22B",False
1018,1018,2020-03-09,16.05,-29.7,17.81,15.41,18.23,"4,31B",False
1019,1019,2020-03-10,17.56,9.41,18.65,16.37,18.65,"2,95B",False
1020,1020,2020-03-11,15.85,-9.74,16.7,15.0,17.13,"2,09B",False
1021,1021,2020-03-12,12.6,-20.5,13.66,11.08,13.86,"1,89B",False
1022,1022,2020-03-13,15.4,22.22,15.1,12.7,15.4,"2,41B",True
1023,1023,2020-03-16,13.09,-15.00%,12.91,12.55,14.1,"125,35M",False
1024,1024,2020-03-17,13.0,-0.69%,13.6,13.0,13.84,"148,05M",False
1025,1025,2020-03-18,11.29,-13.15%,11.79,10.87,12.29,"161,41M",False
1026,1026,2020-03-19,12.21,8.15%,11.07,10.85,13.07,"155,41M",False
1027,1027,2020-03-20,12.0,-1.72%,13.11,11.83,13.5,"148,24M",False
1028,1028,2020-03-23,11.5,-4.17%,12.11,11.28,12.18,"106,11M",False
1029,1029,2020-03-24,13.25,15.22%,12.57,12.28,13.54,"113,40M",False
1030,1030,2020-03-25,14.32,8.08%,13.24,12.83,14.79,"157,33M",False
1031,1031,2020-03-26,14.39,0.49%,14.4,13.81,15.19,"129,59M",False
1032,1032,2020-03-27,13.3,-7.57%,13.3,13.25,13.69,"100,33M",False
1033,1033,2020-03-30,13.38,0.60%,13.15,12.83,13.74,"110,53M",False
1034,1034,2020-03-31,13.99,4.56%,13.6,13.6,14.54,"155,31M",False
1035,1035,2020-04-01,14.3,2.22%,13.45,13.32,14.55,"113,48M",False
1036,1036,2020-04-02,15.51,8.46%,15.4,15.01,16.55,"233,81M",False
1037,1037,2020-04-03,15.34,-1.10%,16.3,14.93,16.36,"142,01M",False
1038,1038,2020-04-06,15.77,2.80%,16.05,15.18,16.1,"122,54M",False
1039,1039,2020-04-07,16.4,3.99%,16.61,16.34,17.07,"139,72M",False
1040,1040,2020-04-08,17.32,5.61%,16.5,16.4,17.53,"114,58M",False
1041,1041,2020-04-09,16.82,-2.89%,17.94,16.5,18.69,"184,87M",False
